<?xml version="1.0"?>
<pagescount>
	<html_total>6</html_total>
	<html_done>6</html_done>
	<images>17</images>
	<script/>
	<css>1</css>
	<pdf/>
	<documents/>
	<excel/>
	<powerpoint/>
	<flash/>
	<audios/>
	<videos/>
	<xml/>
	<json/>
	<txt/>
	<autocad/>
	<fonts/>
	<scraping_reload>1</scraping_reload>
	<is_pretty_url>false</is_pretty_url>
	<is_ebn>false</is_ebn>
	<email>shyamal4d@gmail.com</email>
	<theme_name>WmdTheme789587</theme_name>
	<server_url_front_page>https://www6.waybackmachinedownloader.com/wdo/files/demo/teertooday.com_shyamal4d_gmail.com_56y0j5dsdf/</server_url_front_page>
	<no_www_url>teertooday.com</no_www_url>
	<hosted_domain/>
	<original_archive_url>https://teertooday.com/</original_archive_url>
	<final_archive_url>https://teertooday.com/</final_archive_url>
	<front_page_code_date/>
	<total_urls_from_api/>
	<max_reached_live>false</max_reached_live>
	<scrape_other_captures>false</scrape_other_captures>
	<total_size>1172</total_size>
</pagescount>
